dataset name,error,v-score,r-score
DI_1000000_10_lin-invlin0,5,100,100
DI_1000000_10_lin-invlin0,10,100,100
DI_1000000_10_lin-invlin0,20,100,100
DI_1000000_10_lin-invlin1,5,100,100
DI_1000000_10_lin-invlin1,10,100,100
DI_1000000_10_lin-invlin1,20,100,100
DI_1000000_10_lin-invlin2,5,100,100
DI_1000000_10_lin-invlin2,10,100,100
DI_1000000_10_lin-invlin2,20,100,100
DI_1000000_10_lin-invlin3,5,100,100
DI_1000000_10_lin-invlin3,10,100,100
DI_1000000_10_lin-invlin3,20,100,100
DI_1000000_10_lin-invlin4,5,100,100
DI_1000000_10_lin-invlin4,10,100,100
DI_1000000_10_lin-invlin4,20,75,64.19243707
DI_1000000_10_lin-invlin5,5,100,100
DI_1000000_10_lin-invlin5,10,100,100
DI_1000000_10_lin-invlin5,20,100,100
DI_1000000_10_lin-invlin6,5,100,100
DI_1000000_10_lin-invlin6,10,100,100
DI_1000000_10_lin-invlin6,20,75,69.66045146
DI_1000000_10_lin-invlin7,5,100,100
DI_1000000_10_lin-invlin7,10,100,100
DI_1000000_10_lin-invlin7,20,100,100
DI_1000000_10_lin-invlin8,5,100,100
DI_1000000_10_lin-invlin8,10,100,100
DI_1000000_10_lin-invlin8,20,100,100
DI_1000000_10_lin-invlin9,5,100,100
DI_1000000_10_lin-invlin9,10,100,100
DI_1000000_10_lin-invlin9,20,100,100
DI_1000000_50_lin-invlin0,5,84.09090909,79.54713256
DI_1000000_50_lin-invlin0,10,68.18181818,57.99143602
DI_1000000_50_lin-invlin0,20,47.72727273,36.00259517
DI_1000000_50_lin-invlin1,5,4.444444444,7.420876507
DI_1000000_50_lin-invlin1,10,6.666666667,11.15655909
DI_1000000_50_lin-invlin1,20,17.77777778,24.52268343
DI_1000000_50_lin-invlin2,5,9.090909091,10.36235304
DI_1000000_50_lin-invlin2,10,11.36363636,13.22696434
DI_1000000_50_lin-invlin2,20,18.18181818,13.76958016
DI_1000000_50_lin-invlin3,5,90.90909091,85.72637098
DI_1000000_50_lin-invlin3,10,77.27272727,70.75811176
DI_1000000_50_lin-invlin3,20,45.45454545,36.59429607
DI_1000000_50_lin-invlin4,5,90.69767442,86.2088009
DI_1000000_50_lin-invlin4,10,69.76744186,64.26183401
DI_1000000_50_lin-invlin4,20,51.1627907,35.45317742
DI_1000000_50_lin-invlin5,5,86.36363636,87.46956022
DI_1000000_50_lin-invlin5,10,63.63636364,58.26617673
DI_1000000_50_lin-invlin5,20,47.72727273,42.31289605
DI_1000000_50_lin-invlin6,5,9.302325581,3.960167535
DI_1000000_50_lin-invlin6,10,74.41860465,72.4217036
DI_1000000_50_lin-invlin6,20,23.25581395,20.96942579
DI_1000000_50_lin-invlin7,5,12.76595745,7.114868148
DI_1000000_50_lin-invlin7,10,14.89361702,9.269366004
DI_1000000_50_lin-invlin7,20,17.0212766,12.04035258
DI_1000000_50_lin-invlin8,5,11.36363636,10.54623896
DI_1000000_50_lin-invlin8,10,15.90909091,11.67795398
DI_1000000_50_lin-invlin8,20,22.72727273,23.77989947
DI_1000000_50_lin-invlin9,5,6.976744186,6.369014381
DI_1000000_50_lin-invlin9,10,9.302325581,8.991017289
DI_1000000_50_lin-invlin9,20,16.27906977,21.52684741
DI_1000000_100_lin-invlin0,5,13.33333333,15.60143409
DI_1000000_100_lin-invlin0,10,15.55555556,15.47102347
DI_1000000_100_lin-invlin0,20,14.44444444,13.10796977
DI_1000000_100_lin-invlin1,5,10.11235955,9.451140691
DI_1000000_100_lin-invlin1,10,20.2247191,21.77308193
DI_1000000_100_lin-invlin1,20,8.988764045,6.514906466
DI_1000000_100_lin-invlin2,5,12.5,14.00138599
DI_1000000_100_lin-invlin2,10,15.90909091,15.28671108
DI_1000000_100_lin-invlin2,20,19.31818182,15.77619058
DI_1000000_100_lin-invlin3,5,15.90909091,18.61083288
DI_1000000_100_lin-invlin3,10,14.77272727,15.58190368
DI_1000000_100_lin-invlin3,20,14.77272727,9.736983887
DI_1000000_100_lin-invlin4,5,3.409090909,2.807296722
DI_1000000_100_lin-invlin4,10,11.36363636,9.932057533
DI_1000000_100_lin-invlin4,20,12.5,11.04216692
DI_1000000_100_lin-invlin5,5,11.11111111,10.89344516
DI_1000000_100_lin-invlin5,10,13.33333333,10.88504253
DI_1000000_100_lin-invlin5,20,23.33333333,21.32277811
DI_1000000_100_lin-invlin6,5,12.35955056,16.95584138
DI_1000000_100_lin-invlin6,10,13.48314607,16.40864599
DI_1000000_100_lin-invlin6,20,20.2247191,19.05468754
DI_1000000_100_lin-invlin7,5,14.77272727,18.89489343
DI_1000000_100_lin-invlin7,10,21.59090909,19.65032454
DI_1000000_100_lin-invlin7,20,18.18181818,16.03039929
DI_1000000_100_lin-invlin8,5,58.88888889,57.72660458
DI_1000000_100_lin-invlin8,10,37.77777778,27.8059544
DI_1000000_100_lin-invlin8,20,21.11111111,11.90644818
DI_1000000_100_lin-invlin9,5,17.77777778,21.20162775
DI_1000000_100_lin-invlin9,10,8.888888889,9.477434556
DI_1000000_100_lin-invlin9,20,15.55555556,7.611290855
DI_1000000_200_lin-invlin0,5,22.09302326,22.26887461
DI_1000000_200_lin-invlin0,10,16.27906977,14.39690796
DI_1000000_200_lin-invlin0,20,13.37209302,9.418453756
DI_1000000_200_lin-invlin1,5,6.25,5.999799889
DI_1000000_200_lin-invlin1,10,7.954545455,9.181160637
DI_1000000_200_lin-invlin1,20,2.272727273,1.843967887
DI_1000000_200_lin-invlin2,5,6.629834254,7.78535265
DI_1000000_200_lin-invlin2,10,8.839779006,9.591861156
DI_1000000_200_lin-invlin2,20,6.077348066,4.23157413
DI_1000000_200_lin-invlin3,5,6.896551724,6.046740551
DI_1000000_200_lin-invlin3,10,5.172413793,5.970586851
DI_1000000_200_lin-invlin3,20,6.896551724,4.864720288
DI_1000000_200_lin-invlin4,5,17.41573034,18.92474663
DI_1000000_200_lin-invlin4,10,14.60674157,13.64245644
DI_1000000_200_lin-invlin4,20,7.865168539,8.408674338
DI_1000000_200_lin-invlin5,5,19.88636364,22.08944652
DI_1000000_200_lin-invlin5,10,14.20454545,10.88517786
DI_1000000_200_lin-invlin5,20,9.659090909,5.972577085
DI_1000000_200_lin-invlin6,5,3.977272727,4.996135911
DI_1000000_200_lin-invlin6,10,7.954545455,8.744173332
DI_1000000_200_lin-invlin6,20,8.522727273,5.888706339
DI_1000000_200_lin-invlin7,5,4.494382022,5.280948433
DI_1000000_200_lin-invlin7,10,10.11235955,11.25924638
DI_1000000_200_lin-invlin7,20,6.741573034,5.759164075
DI_1000000_200_lin-invlin8,5,9.090909091,11.28895262
DI_1000000_200_lin-invlin8,10,7.386363636,7.756746719
DI_1000000_200_lin-invlin8,20,5.681818182,6.040421819
DI_1000000_200_lin-invlin9,5,16.76300578,14.61380618
DI_1000000_200_lin-invlin9,10,16.1849711,15.23423448
DI_1000000_200_lin-invlin9,20,8.670520231,5.313547824
DI_1000000_500_lin-invlin0,5,1.777777778,1.509698469
DI_1000000_500_lin-invlin0,10,3.111111111,2.832388163
DI_1000000_500_lin-invlin0,20,1.777777778,1.2429077
DI_1000000_500_lin-invlin1,5,0.4514672686,0.7388486627
DI_1000000_500_lin-invlin1,10,2.483069977,2.798417234
DI_1000000_500_lin-invlin1,20,2.031602709,1.506046909
DI_1000000_500_lin-invlin2,5,0.2262443439,0.3907444738
DI_1000000_500_lin-invlin2,10,1.809954751,2.282961711
DI_1000000_500_lin-invlin2,20,1.583710407,1.490269509
DI_1000000_500_lin-invlin3,5,1.116071429,0.589382745
DI_1000000_500_lin-invlin3,10,1.785714286,1.203519356
DI_1000000_500_lin-invlin3,20,2.901785714,2.41128804
DI_1000000_500_lin-invlin4,5,2,1.918842124
DI_1000000_500_lin-invlin4,10,2.444444444,2.568904211
DI_1000000_500_lin-invlin4,20,2.888888889,2.183596995
DI_1000000_500_lin-invlin5,5,0.4535147392,0.7710213675
DI_1000000_500_lin-invlin5,10,1.360544218,1.626104354
DI_1000000_500_lin-invlin5,20,2.494331066,2.713897702
DI_1000000_500_lin-invlin6,5,0.4535147392,0.3529111661
DI_1000000_500_lin-invlin6,10,1.814058957,2.31384667
DI_1000000_500_lin-invlin6,20,2.267573696,3.073156198
DI_1000000_500_lin-invlin7,5,2.008928571,1.117743937
DI_1000000_500_lin-invlin7,10,1.5625,1.629696677
DI_1000000_500_lin-invlin7,20,1.785714286,1.712754955
DI_1000000_500_lin-invlin8,5,2.045454545,1.936704607
DI_1000000_500_lin-invlin8,10,2.5,2.971138339
DI_1000000_500_lin-invlin8,20,2.272727273,1.26686116
DI_1000000_500_lin-invlin9,5,0.8948545861,0.0004349726417
DI_1000000_500_lin-invlin9,10,3.355704698,2.964814092
DI_1000000_500_lin-invlin9,20,2.684563758,1.465757536
DI_1000000_10_lin-randlin0,5,100,100
DI_1000000_10_lin-randlin0,10,100,100
DI_1000000_10_lin-randlin0,20,75,53.78121974
DI_1000000_10_lin-randlin1,5,100,100
DI_1000000_10_lin-randlin1,10,100,100
DI_1000000_10_lin-randlin1,20,77.77777778,52.81720526
DI_1000000_10_lin-randlin2,5,100,100
DI_1000000_10_lin-randlin2,10,100,100
DI_1000000_10_lin-randlin2,20,100,100
DI_1000000_10_lin-randlin3,5,100,100
DI_1000000_10_lin-randlin3,10,100,100
DI_1000000_10_lin-randlin3,20,75,46.96170169
DI_1000000_10_lin-randlin4,5,100,100
DI_1000000_10_lin-randlin4,10,100,100
DI_1000000_10_lin-randlin4,20,100,100
DI_1000000_10_lin-randlin5,5,100,100
DI_1000000_10_lin-randlin5,10,100,100
DI_1000000_10_lin-randlin5,20,100,100
DI_1000000_10_lin-randlin8,5,100,100
DI_1000000_10_lin-randlin8,10,100,100
DI_1000000_10_lin-randlin8,20,100,100
DI_1000000_50_lin-randlin0,5,95.34883721,99.92382163
DI_1000000_50_lin-randlin0,10,83.72093023,87.56293807
DI_1000000_50_lin-randlin0,20,65.11627907,70.883577
DI_1000000_50_lin-randlin1,5,86.04651163,98.5019147
DI_1000000_50_lin-randlin1,10,81.39534884,91.76107944
DI_1000000_50_lin-randlin1,20,69.76744186,76.57541396
DI_1000000_50_lin-randlin2,5,82.22222222,98.04307001
DI_1000000_50_lin-randlin2,10,68.88888889,88.80339906
DI_1000000_50_lin-randlin2,20,42.22222222,54.30313336
DI_1000000_50_lin-randlin3,5,80,98.72642542
DI_1000000_50_lin-randlin3,10,77.77777778,94.43349888
DI_1000000_50_lin-randlin3,20,62.22222222,74.04711473
DI_1000000_50_lin-randlin4,5,100,100
DI_1000000_50_lin-randlin4,10,95.55555556,93.83129897
DI_1000000_50_lin-randlin4,20,57.77777778,41.01821368
DI_1000000_50_lin-randlin5,5,87.80487805,98.96222787
DI_1000000_50_lin-randlin5,10,82.92682927,94.99279432
DI_1000000_50_lin-randlin5,20,73.17073171,83.95343728
DI_1000000_50_lin-randlin6,5,83.72093023,98.7287011
DI_1000000_50_lin-randlin6,10,81.39534884,88.26019578
DI_1000000_50_lin-randlin6,20,41.86046512,52.50296056
DI_1000000_50_lin-randlin7,5,84.09090909,97.3610299
DI_1000000_50_lin-randlin7,10,88.63636364,98.82184203
DI_1000000_50_lin-randlin7,20,65.90909091,76.93737073
DI_1000000_50_lin-randlin8,5,90.47619048,99.50502404
DI_1000000_50_lin-randlin8,10,90.47619048,99.50502404
DI_1000000_50_lin-randlin8,20,42.85714286,47.47269801
DI_1000000_50_lin-randlin9,5,65.11627907,78.5249193
DI_1000000_50_lin-randlin9,10,86.04651163,93.63579017
DI_1000000_50_lin-randlin9,20,44.18604651,49.64669465
DI_1000000_100_lin-randlin0,5,89.77272727,93.41200514
DI_1000000_100_lin-randlin0,10,69.31818182,60.37630044
DI_1000000_100_lin-randlin0,20,59.09090909,45.4483056
DI_1000000_100_lin-randlin1,5,82.95454545,88.64932192
DI_1000000_100_lin-randlin1,10,80.68181818,77.40756366
DI_1000000_100_lin-randlin1,20,45.45454545,29.82565669
DI_1000000_100_lin-randlin2,5,90.90909091,96.97587294
DI_1000000_100_lin-randlin2,10,79.54545455,71.31265316
DI_1000000_100_lin-randlin2,20,59.09090909,39.45855901
DI_1000000_100_lin-randlin3,5,96.47058824,99.99960073
DI_1000000_100_lin-randlin3,10,80,73.25001928
DI_1000000_100_lin-randlin3,20,40,18.02407665
DI_1000000_100_lin-randlin4,5,95.50561798,99.99977651
DI_1000000_100_lin-randlin4,10,76.40449438,63.0854471
DI_1000000_100_lin-randlin4,20,51.68539326,32.63714539
DI_1000000_100_lin-randlin5,5,76.40449438,92.80852995
DI_1000000_100_lin-randlin5,10,67.41573034,75.67694686
DI_1000000_100_lin-randlin5,20,42.69662921,35.05550398
DI_1000000_100_lin-randlin6,5,83.33333333,77.6223122
DI_1000000_100_lin-randlin6,10,72.22222222,57.96173643
DI_1000000_100_lin-randlin6,20,47.77777778,34.52503778
DI_1000000_100_lin-randlin7,5,86.51685393,81.7493455
DI_1000000_100_lin-randlin7,10,80.8988764,72.00026758
DI_1000000_100_lin-randlin7,20,68.53932584,51.51796691
DI_1000000_100_lin-randlin8,5,80.68181818,92.53921528
DI_1000000_100_lin-randlin8,10,54.54545455,69.52930203
DI_1000000_100_lin-randlin8,20,44.31818182,44.18680688
DI_1000000_100_lin-randlin9,5,84.61538462,84.73607596
DI_1000000_100_lin-randlin9,10,80.21978022,71.85871597
DI_1000000_100_lin-randlin9,20,48.35164835,36.18135336
DI_1000000_200_lin-randlin0,5,65.71428571,78.08779728
DI_1000000_200_lin-randlin0,10,46.28571429,40.31532181
DI_1000000_200_lin-randlin0,20,28.57142857,21.10683973
DI_1000000_200_lin-randlin1,5,70.39106145,82.24691122
DI_1000000_200_lin-randlin1,10,44.69273743,44.49438223
DI_1000000_200_lin-randlin1,20,21.7877095,17.39179467
DI_1000000_200_lin-randlin2,5,72.4137931,83.61613639
DI_1000000_200_lin-randlin2,10,61.49425287,56.34758403
DI_1000000_200_lin-randlin2,20,28.73563218,21.00340873
DI_1000000_200_lin-randlin3,5,72.47191011,83.68665562
DI_1000000_200_lin-randlin3,10,50,50.8029373
DI_1000000_200_lin-randlin3,20,30.8988764,24.65709224
DI_1000000_200_lin-randlin4,5,73.51351351,81.31206381
DI_1000000_200_lin-randlin4,10,54.05405405,46.75382389
DI_1000000_200_lin-randlin4,20,25.40540541,12.61983073
DI_1000000_200_lin-randlin5,5,53.37078652,67.89040635
DI_1000000_200_lin-randlin5,10,33.70786517,33.54515642
DI_1000000_200_lin-randlin5,20,19.66292135,12.63966014
DI_1000000_200_lin-randlin6,5,60.91954023,71.2591477
DI_1000000_200_lin-randlin6,10,47.70114943,54.60060162
DI_1000000_200_lin-randlin6,20,21.83908046,21.43766748
DI_1000000_200_lin-randlin7,5,61.01694915,74.64457996
DI_1000000_200_lin-randlin7,10,43.50282486,48.69330135
DI_1000000_200_lin-randlin7,20,25.42372881,22.81762694
DI_1000000_200_lin-randlin8,5,68.30601093,87.6579292
DI_1000000_200_lin-randlin8,10,45.35519126,51.5344747
DI_1000000_200_lin-randlin8,20,27.32240437,18.94816923
DI_1000000_200_lin-randlin9,5,47.42857143,64.68744619
DI_1000000_200_lin-randlin9,10,31.42857143,24.73877049
DI_1000000_200_lin-randlin9,20,13.71428571,9.887981978
DI_1000000_500_lin-randlin0,5,37.52808989,51.73270918
DI_1000000_500_lin-randlin0,10,18.42696629,20.05075932
DI_1000000_500_lin-randlin0,20,8.988764045,7.52414772
DI_1000000_500_lin-randlin1,5,23.80952381,35.26057723
DI_1000000_500_lin-randlin1,10,14.51247166,16.33241684
DI_1000000_500_lin-randlin1,20,7.936507937,7.163138677
DI_1000000_500_lin-randlin2,5,32.51670379,42.6210221
DI_1000000_500_lin-randlin2,10,21.15812918,22.55162657
DI_1000000_500_lin-randlin2,20,10.02227171,7.540882364
DI_1000000_500_lin-randlin3,5,27.6169265,38.5180209
DI_1000000_500_lin-randlin3,10,12.91759465,12.14850344
DI_1000000_500_lin-randlin3,20,8.017817372,6.687241923
DI_1000000_500_lin-randlin4,5,26.65148064,41.2124516
DI_1000000_500_lin-randlin4,10,12.07289294,11.89064562
DI_1000000_500_lin-randlin4,20,7.972665148,6.081474151
DI_1000000_500_lin-randlin5,5,25.50790068,32.6291829
DI_1000000_500_lin-randlin5,10,19.18735892,21.06971451
DI_1000000_500_lin-randlin5,20,10.15801354,6.249258296
DI_1000000_500_lin-randlin6,5,31.19266055,43.61593663
DI_1000000_500_lin-randlin6,10,18.80733945,21.18833912
DI_1000000_500_lin-randlin6,20,8.71559633,7.357092539
DI_1000000_500_lin-randlin7,5,38.94967177,52.17543642
DI_1000000_500_lin-randlin7,10,21.44420131,21.59983141
DI_1000000_500_lin-randlin7,20,9.409190372,6.455994611
DI_1000000_500_lin-randlin8,5,27.66439909,35.51827591
DI_1000000_500_lin-randlin8,10,18.14058957,19.42543698
DI_1000000_500_lin-randlin8,20,10.88435374,8.417982695
DI_1000000_500_lin-randlin9,5,32.88288288,34.38552277
DI_1000000_500_lin-randlin9,10,24.32432432,21.74396085
DI_1000000_500_lin-randlin9,20,9.684684685,8.156634089
DI_1000000_10_zipf-invzipf0,5,100,100
DI_1000000_10_zipf-invzipf0,10,100,100
DI_1000000_10_zipf-invzipf0,20,100,100
DI_1000000_10_zipf-invzipf1,5,100,100
DI_1000000_10_zipf-invzipf1,10,100,100
DI_1000000_10_zipf-invzipf1,20,100,100
DI_1000000_10_zipf-invzipf2,5,100,100
DI_1000000_10_zipf-invzipf2,10,100,100
DI_1000000_10_zipf-invzipf2,20,100,100
DI_1000000_10_zipf-invzipf3,5,100,100
DI_1000000_10_zipf-invzipf3,10,100,100
DI_1000000_10_zipf-invzipf3,20,100,100
DI_1000000_10_zipf-invzipf6,5,100,100
DI_1000000_10_zipf-invzipf6,10,100,100
DI_1000000_10_zipf-invzipf6,20,100,100
DI_1000000_10_zipf-invzipf7,5,100,100
DI_1000000_10_zipf-invzipf7,10,100,100
DI_1000000_10_zipf-invzipf7,20,77.77777778,82.50332527
DI_1000000_10_zipf-invzipf8,5,100,100
DI_1000000_10_zipf-invzipf8,10,100,100
DI_1000000_10_zipf-invzipf8,20,100,100
DI_1000000_10_zipf-invzipf9,5,100,100
DI_1000000_10_zipf-invzipf9,10,100,100
DI_1000000_10_zipf-invzipf9,20,100,100
DI_1000000_50_zipf-invzipf0,5,95.55555556,99.99984507
DI_1000000_50_zipf-invzipf0,10,68.88888889,84.59273392
DI_1000000_50_zipf-invzipf0,20,40,62.24472633
DI_1000000_50_zipf-invzipf1,5,89.36170213,97.89022584
DI_1000000_50_zipf-invzipf1,10,76.59574468,89.52135764
DI_1000000_50_zipf-invzipf1,20,40.42553191,67.4178261
DI_1000000_50_zipf-invzipf2,5,91.11111111,95.04324636
DI_1000000_50_zipf-invzipf2,10,73.33333333,79.89212924
DI_1000000_50_zipf-invzipf2,20,48.88888889,67.30279895
DI_1000000_50_zipf-invzipf3,5,48.7804878,75.86945241
DI_1000000_50_zipf-invzipf3,10,56.09756098,79.80419134
DI_1000000_50_zipf-invzipf3,20,56.09756098,76.6333938
DI_1000000_50_zipf-invzipf4,5,95.55555556,97.85696288
DI_1000000_50_zipf-invzipf4,10,75.55555556,87.24467941
DI_1000000_50_zipf-invzipf4,20,53.33333333,74.00885121
DI_1000000_50_zipf-invzipf5,5,47.82608696,73.50273774
DI_1000000_50_zipf-invzipf5,10,47.82608696,72.77969128
DI_1000000_50_zipf-invzipf5,20,36.95652174,61.38443748
DI_1000000_50_zipf-invzipf6,5,88.37209302,95.68414413
DI_1000000_50_zipf-invzipf6,10,79.06976744,92.12419458
DI_1000000_50_zipf-invzipf6,20,37.20930233,63.10242979
DI_1000000_50_zipf-invzipf7,5,56.81818182,78.92572127
DI_1000000_50_zipf-invzipf7,10,52.27272727,74.8126407
DI_1000000_50_zipf-invzipf7,20,50,74.45505701
DI_1000000_50_zipf-invzipf8,5,93.18181818,97.88179085
DI_1000000_50_zipf-invzipf8,10,68.18181818,84.54799759
DI_1000000_50_zipf-invzipf8,20,40.90909091,67.69637825
DI_1000000_50_zipf-invzipf9,5,95.74468085,99.99976702
DI_1000000_50_zipf-invzipf9,10,82.9787234,92.87524562
DI_1000000_50_zipf-invzipf9,20,55.31914894,71.08922091
DI_1000000_100_zipf-invzipf0,5,75.58139535,90.58136097
DI_1000000_100_zipf-invzipf0,10,37.20930233,65.41570759
DI_1000000_100_zipf-invzipf0,20,38.37209302,67.92024532
DI_1000000_100_zipf-invzipf1,5,72.04301075,89.47760868
DI_1000000_100_zipf-invzipf1,10,39.78494624,73.94457306
DI_1000000_100_zipf-invzipf1,20,24.7311828,56.98772777
DI_1000000_100_zipf-invzipf2,5,41.57303371,75.14952382
DI_1000000_100_zipf-invzipf2,10,33.70786517,69.81675212
DI_1000000_100_zipf-invzipf2,20,25.84269663,65.41064283
DI_1000000_100_zipf-invzipf3,5,48.91304348,74.38045106
DI_1000000_100_zipf-invzipf3,10,41.30434783,69.03730599
DI_1000000_100_zipf-invzipf3,20,26.08695652,58.41902566
DI_1000000_100_zipf-invzipf4,5,67.41573034,87.70071997
DI_1000000_100_zipf-invzipf4,10,40.4494382,73.02810546
DI_1000000_100_zipf-invzipf4,20,32.58426966,68.46610861
DI_1000000_100_zipf-invzipf5,5,76.34408602,90.97120058
DI_1000000_100_zipf-invzipf5,10,52.68817204,76.07293293
DI_1000000_100_zipf-invzipf5,20,29.03225806,61.53810777
DI_1000000_100_zipf-invzipf6,5,67.77777778,87.00025561
DI_1000000_100_zipf-invzipf6,10,53.33333333,77.64526303
DI_1000000_100_zipf-invzipf6,20,28.88888889,56.97199588
DI_1000000_100_zipf-invzipf7,5,69.23076923,87.92143907
DI_1000000_100_zipf-invzipf7,10,49.45054945,77.46668504
DI_1000000_100_zipf-invzipf7,20,25.27472527,56.07202286
DI_1000000_100_zipf-invzipf8,5,65.16853933,83.28141264
DI_1000000_100_zipf-invzipf8,10,44.94382022,71.2948466
DI_1000000_100_zipf-invzipf8,20,41.57303371,64.34888902
DI_1000000_100_zipf-invzipf9,5,63.33333333,85.96303418
DI_1000000_100_zipf-invzipf9,10,51.11111111,80.31302269
DI_1000000_100_zipf-invzipf9,20,30,63.6903008
DI_1000000_200_zipf-invzipf0,5,46.7032967,79.23940949
DI_1000000_200_zipf-invzipf0,10,28.02197802,62.31401841
DI_1000000_200_zipf-invzipf0,20,16.48351648,48.39061606
DI_1000000_200_zipf-invzipf1,5,27.90697674,62.37108268
DI_1000000_200_zipf-invzipf1,10,19.18604651,53.02026951
DI_1000000_200_zipf-invzipf1,20,16.27906977,51.35916957
DI_1000000_200_zipf-invzipf2,5,25.98870056,67.74310042
DI_1000000_200_zipf-invzipf2,10,26.55367232,66.37721459
DI_1000000_200_zipf-invzipf2,20,14.12429379,49.70741464
DI_1000000_200_zipf-invzipf3,5,47.19101124,75.63113546
DI_1000000_200_zipf-invzipf3,10,25.84269663,62.02273595
DI_1000000_200_zipf-invzipf3,20,20.78651685,54.00823832
DI_1000000_200_zipf-invzipf4,5,38.25136612,74.87148578
DI_1000000_200_zipf-invzipf4,10,29.50819672,67.81317662
DI_1000000_200_zipf-invzipf4,20,20.76502732,59.50579188
DI_1000000_200_zipf-invzipf5,5,36.66666667,68.69171828
DI_1000000_200_zipf-invzipf5,10,25.55555556,58.35066634
DI_1000000_200_zipf-invzipf5,20,17.22222222,48.45327143
DI_1000000_200_zipf-invzipf6,5,44.38202247,78.14663494
DI_1000000_200_zipf-invzipf6,10,29.21348315,65.86292361
DI_1000000_200_zipf-invzipf6,20,17.97752809,54.52649965
DI_1000000_200_zipf-invzipf7,5,8.522727273,38.6171075
DI_1000000_200_zipf-invzipf7,10,13.06818182,40.56955662
DI_1000000_200_zipf-invzipf7,20,10.22727273,38.23881502
DI_1000000_200_zipf-invzipf8,5,45.25139665,77.85027417
DI_1000000_200_zipf-invzipf8,10,31.2849162,67.67847702
DI_1000000_200_zipf-invzipf8,20,15.6424581,51.21687096
DI_1000000_200_zipf-invzipf9,5,55.93220339,80.93231707
DI_1000000_200_zipf-invzipf9,10,27.68361582,51.39620268
DI_1000000_200_zipf-invzipf9,20,13.55932203,42.07407149
DI_1000000_500_zipf-invzipf0,5,17.44966443,59.40627015
DI_1000000_500_zipf-invzipf0,10,14.09395973,52.79356786
DI_1000000_500_zipf-invzipf0,20,6.040268456,42.94160052
DI_1000000_500_zipf-invzipf1,5,17.96008869,60.88092575
DI_1000000_500_zipf-invzipf1,10,10.19955654,52.38593949
DI_1000000_500_zipf-invzipf1,20,7.760532151,47.68917315
DI_1000000_500_zipf-invzipf2,5,13.70786517,53.81432108
DI_1000000_500_zipf-invzipf2,10,15.28089888,56.20195223
DI_1000000_500_zipf-invzipf2,20,7.865168539,45.78936509
DI_1000000_500_zipf-invzipf3,5,16.96428571,53.97661524
DI_1000000_500_zipf-invzipf3,10,11.16071429,49.83479984
DI_1000000_500_zipf-invzipf3,20,7.8125,40.9833017
DI_1000000_500_zipf-invzipf4,5,21.18451025,67.17188219
DI_1000000_500_zipf-invzipf4,10,13.66742597,59.67880916
DI_1000000_500_zipf-invzipf4,20,7.28929385,44.23890923
DI_1000000_500_zipf-invzipf5,5,3.636363636,33.289756
DI_1000000_500_zipf-invzipf5,10,6.818181818,41.03878517
DI_1000000_500_zipf-invzipf5,20,5.681818182,31.90620808
DI_1000000_500_zipf-invzipf6,5,23.26621924,66.37818808
DI_1000000_500_zipf-invzipf6,10,15.65995526,59.48749466
DI_1000000_500_zipf-invzipf6,20,7.606263982,42.21922521
DI_1000000_500_zipf-invzipf7,5,19.36936937,63.77461462
DI_1000000_500_zipf-invzipf7,10,12.16216216,51.96431888
DI_1000000_500_zipf-invzipf7,20,9.009009009,45.1725223
DI_1000000_500_zipf-invzipf8,5,7.99086758,34.47059002
DI_1000000_500_zipf-invzipf8,10,8.219178082,35.48545005
DI_1000000_500_zipf-invzipf8,20,4.794520548,30.84376501
DI_1000000_500_zipf-invzipf9,5,22.93986637,67.41562354
DI_1000000_500_zipf-invzipf9,10,17.14922049,61.09744726
DI_1000000_500_zipf-invzipf9,20,6.458797327,44.56058204
DI_1000000_10_lin-lin1,5,100,100
DI_1000000_10_lin-lin1,10,100,100
DI_1000000_10_lin-lin1,20,75,60.38364657
DI_1000000_10_lin-lin2,5,100,100
DI_1000000_10_lin-lin2,10,100,100
DI_1000000_10_lin-lin2,20,75,73.11903912
DI_1000000_10_lin-lin3,5,100,100
DI_1000000_10_lin-lin3,10,100,100
DI_1000000_10_lin-lin3,20,100,100
DI_1000000_10_lin-lin4,5,100,100
DI_1000000_10_lin-lin4,10,100,100
DI_1000000_10_lin-lin4,20,100,100
DI_1000000_10_lin-lin7,5,100,100
DI_1000000_10_lin-lin7,10,100,100
DI_1000000_10_lin-lin7,20,100,100
DI_1000000_10_lin-lin8,5,100,100
DI_1000000_10_lin-lin8,10,75,47.35030471
DI_1000000_10_lin-lin8,20,100,100
DI_1000000_10_lin-lin9,5,100,100
DI_1000000_10_lin-lin9,10,100,100
DI_1000000_10_lin-lin9,20,100,100
DI_1000000_50_lin-lin0,5,70.45454545,66.47508885
DI_1000000_50_lin-lin0,10,45.45454545,38.91916917
DI_1000000_50_lin-lin0,20,29.54545455,36.63981871
DI_1000000_50_lin-lin1,5,74.41860465,80.07679024
DI_1000000_50_lin-lin1,10,51.1627907,42.09884671
DI_1000000_50_lin-lin1,20,53.48837209,45.74330346
DI_1000000_50_lin-lin2,5,82.22222222,76.61933294
DI_1000000_50_lin-lin2,10,68.88888889,52.88670117
DI_1000000_50_lin-lin2,20,53.33333333,45.60548735
DI_1000000_50_lin-lin3,5,64.28571429,51.95551317
DI_1000000_50_lin-lin3,10,52.38095238,44.88955953
DI_1000000_50_lin-lin3,20,33.33333333,20.96424287
DI_1000000_50_lin-lin4,5,66.66666667,59.22408895
DI_1000000_50_lin-lin4,10,45.23809524,35.50796743
DI_1000000_50_lin-lin4,20,33.33333333,20.20829849
DI_1000000_50_lin-lin5,5,61.36363636,58.3188646
DI_1000000_50_lin-lin5,10,47.72727273,40.46060424
DI_1000000_50_lin-lin5,20,34.09090909,15.96985106
DI_1000000_50_lin-lin6,5,59.09090909,61.22505215
DI_1000000_50_lin-lin6,10,50,41.69851965
DI_1000000_50_lin-lin6,20,18.18181818,20.69687844
DI_1000000_50_lin-lin7,5,90.90909091,92.00358638
DI_1000000_50_lin-lin7,10,56.81818182,41.16892352
DI_1000000_50_lin-lin7,20,34.09090909,27.81904361
DI_1000000_50_lin-lin8,5,75,69.24698908
DI_1000000_50_lin-lin8,10,61.36363636,49.53434874
DI_1000000_50_lin-lin8,20,29.54545455,10.90673144
DI_1000000_50_lin-lin9,5,70.45454545,70.46499674
DI_1000000_50_lin-lin9,10,34.09090909,30.07461941
DI_1000000_50_lin-lin9,20,13.63636364,21.41628039
DI_1000000_100_lin-lin0,5,43.18181818,24.00221448
DI_1000000_100_lin-lin0,10,32.95454545,14.41541619
DI_1000000_100_lin-lin0,20,26.13636364,17.69473451
DI_1000000_100_lin-lin1,5,48.31460674,33.07235739
DI_1000000_100_lin-lin1,10,25.84269663,20.47213173
DI_1000000_100_lin-lin1,20,15.73033708,8.670192288
DI_1000000_100_lin-lin2,5,46.51162791,30.91320816
DI_1000000_100_lin-lin2,10,25.58139535,15.05844736
DI_1000000_100_lin-lin2,20,5.813953488,2.97313089
DI_1000000_100_lin-lin3,5,43.01075269,39.13206515
DI_1000000_100_lin-lin3,10,23.65591398,15.63970349
DI_1000000_100_lin-lin3,20,23.65591398,14.03283424
DI_1000000_100_lin-lin4,5,42.04545455,35.54798417
DI_1000000_100_lin-lin4,10,37.5,25.18704796
DI_1000000_100_lin-lin4,20,11.36363636,11.42793026
DI_1000000_100_lin-lin5,5,54.11764706,53.03878174
DI_1000000_100_lin-lin5,10,35.29411765,27.7159667
DI_1000000_100_lin-lin5,20,12.94117647,13.78823661
DI_1000000_100_lin-lin6,5,43.33333333,30.16276635
DI_1000000_100_lin-lin6,10,34.44444444,20.51069766
DI_1000000_100_lin-lin6,20,7.777777778,4.790275395
DI_1000000_100_lin-lin7,5,45.34883721,32.83931828
DI_1000000_100_lin-lin7,10,22.09302326,15.48621787
DI_1000000_100_lin-lin7,20,16.27906977,12.88422133
DI_1000000_100_lin-lin8,5,40.69767442,22.57120562
DI_1000000_100_lin-lin8,10,22.09302326,9.693134495
DI_1000000_100_lin-lin8,20,15.11627907,10.63921431
DI_1000000_100_lin-lin9,5,50.56179775,43.51307283
DI_1000000_100_lin-lin9,10,30.33707865,15.70117868
DI_1000000_100_lin-lin9,20,12.35955056,10.15491728
DI_1000000_200_lin-lin0,5,23.86363636,13.03525022
DI_1000000_200_lin-lin0,10,13.63636364,9.86807697
DI_1000000_200_lin-lin0,20,7.954545455,5.492397232
DI_1000000_200_lin-lin1,5,21.71428571,17.79290222
DI_1000000_200_lin-lin1,10,10.85714286,8.738285242
DI_1000000_200_lin-lin1,20,3.428571429,4.26011646
DI_1000000_200_lin-lin2,5,27.68361582,22.32965966
DI_1000000_200_lin-lin2,10,16.94915254,8.113638693
DI_1000000_200_lin-lin2,20,11.86440678,6.673375925
DI_1000000_200_lin-lin3,5,24.86187845,14.2911301
DI_1000000_200_lin-lin3,10,10.49723757,8.802413632
DI_1000000_200_lin-lin3,20,8.287292818,6.331368278
DI_1000000_200_lin-lin4,5,24.32432432,13.23269057
DI_1000000_200_lin-lin4,10,19.45945946,12.24970248
DI_1000000_200_lin-lin4,20,8.108108108,2.929774777
DI_1000000_200_lin-lin5,5,18.53932584,17.5360493
DI_1000000_200_lin-lin5,10,15.16853933,9.734500501
DI_1000000_200_lin-lin5,20,2.808988764,1.122701737
DI_1000000_200_lin-lin6,5,24.15730337,10.24017107
DI_1000000_200_lin-lin6,10,9.550561798,9.353512161
DI_1000000_200_lin-lin6,20,8.988764045,2.838524074
DI_1000000_200_lin-lin7,5,24.43181818,18.28078711
DI_1000000_200_lin-lin7,10,14.77272727,10.01029351
DI_1000000_200_lin-lin7,20,6.818181818,5.076241595
DI_1000000_200_lin-lin8,5,25.1396648,19.17368526
DI_1000000_200_lin-lin8,10,10.05586592,7.817515121
DI_1000000_200_lin-lin8,20,6.145251397,6.197985158
DI_1000000_200_lin-lin9,5,26.13636364,13.8439699
DI_1000000_200_lin-lin9,10,15.90909091,7.897905715
DI_1000000_200_lin-lin9,20,7.954545455,3.463686433
DI_1000000_500_lin-lin0,5,6.306306306,5.247312098
DI_1000000_500_lin-lin0,10,4.72972973,2.642746491
DI_1000000_500_lin-lin0,20,3.153153153,2.230057334
DI_1000000_500_lin-lin1,5,7.8125,8.098262332
DI_1000000_500_lin-lin1,10,6.25,5.854456108
DI_1000000_500_lin-lin1,20,2.678571429,1.817078692
DI_1000000_500_lin-lin2,5,8.258928571,5.287104343
DI_1000000_500_lin-lin2,10,5.803571429,4.567671228
DI_1000000_500_lin-lin2,20,4.241071429,1.62784802
DI_1000000_500_lin-lin3,5,7.239819005,5.866048236
DI_1000000_500_lin-lin3,10,4.07239819,1.969643626
DI_1000000_500_lin-lin3,20,1.809954751,1.258552643
DI_1000000_500_lin-lin4,5,10.19955654,8.440565928
DI_1000000_500_lin-lin4,10,4.4345898,4.158125953
DI_1000000_500_lin-lin4,20,3.99113082,1.908453931
DI_1000000_500_lin-lin5,5,11.06094808,7.134320886
DI_1000000_500_lin-lin5,10,4.063205418,2.926385558
DI_1000000_500_lin-lin5,20,3.611738149,2.438455856
DI_1000000_500_lin-lin6,5,5.733944954,4.393108341
DI_1000000_500_lin-lin6,10,5.275229358,3.246761502
DI_1000000_500_lin-lin6,20,1.834862385,1.471992412
DI_1000000_500_lin-lin7,5,6.896551724,5.05023975
DI_1000000_500_lin-lin7,10,4.137931034,1.697461055
DI_1000000_500_lin-lin7,20,1.83908046,2.162732759
DI_1000000_500_lin-lin8,5,8.908685969,7.244743423
DI_1000000_500_lin-lin8,10,4.899777283,3.518423442
DI_1000000_500_lin-lin8,20,2.004454343,1.544658316
DI_1000000_500_lin-lin9,5,9.292035398,5.961788935
DI_1000000_500_lin-lin9,10,5.088495575,3.069193949
DI_1000000_500_lin-lin9,20,3.318584071,1.842482323
DI_1000000_10_zipf-zipf0,5,100,100
DI_1000000_10_zipf-zipf0,10,100,100
DI_1000000_10_zipf-zipf0,20,100,100
DI_1000000_10_zipf-zipf1,5,100,100
DI_1000000_10_zipf-zipf1,10,100,100
DI_1000000_10_zipf-zipf1,20,100,100
DI_1000000_10_zipf-zipf2,5,100,100
DI_1000000_10_zipf-zipf2,10,100,100
DI_1000000_10_zipf-zipf2,20,75,95.40449776
DI_1000000_10_zipf-zipf3,5,100,100
DI_1000000_10_zipf-zipf3,10,100,100
DI_1000000_10_zipf-zipf3,20,75,96.98638709
DI_1000000_10_zipf-zipf4,5,100,100
DI_1000000_10_zipf-zipf4,10,100,100
DI_1000000_10_zipf-zipf4,20,100,100
DI_1000000_10_zipf-zipf5,5,100,100
DI_1000000_10_zipf-zipf5,10,100,100
DI_1000000_10_zipf-zipf5,20,75,98.14237306
DI_1000000_10_zipf-zipf6,5,100,100
DI_1000000_10_zipf-zipf6,10,100,100
DI_1000000_10_zipf-zipf6,20,100,100
DI_1000000_10_zipf-zipf7,5,100,100
DI_1000000_10_zipf-zipf7,10,100,100
DI_1000000_10_zipf-zipf7,20,75,97.55702314
DI_1000000_10_zipf-zipf8,5,100,100
DI_1000000_10_zipf-zipf8,10,100,100
DI_1000000_10_zipf-zipf8,20,100,100
DI_1000000_10_zipf-zipf9,5,100,100
DI_1000000_10_zipf-zipf9,10,100,100
DI_1000000_10_zipf-zipf9,20,75,98.36462669
DI_1000000_100_zipf-zipf0,5,52.3255814,99.30704554
DI_1000000_100_zipf-zipf0,10,34.88372093,97.95033387
DI_1000000_100_zipf-zipf0,20,25.58139535,96.29602348
DI_1000000_100_zipf-zipf1,5,43.02325581,99.04983959
DI_1000000_100_zipf-zipf1,10,47.6744186,98.58538447
DI_1000000_100_zipf-zipf1,20,24.41860465,97.85147185
DI_1000000_100_zipf-zipf2,5,50,96.94058228
DI_1000000_100_zipf-zipf2,10,36.36363636,95.36127023
DI_1000000_100_zipf-zipf2,20,22.72727273,90.14842853
DI_1000000_100_zipf-zipf3,5,50,98.94917163
DI_1000000_100_zipf-zipf3,10,33.69565217,96.48025234
DI_1000000_100_zipf-zipf3,20,20.65217391,97.21248063
DI_1000000_100_zipf-zipf4,5,49.43820225,98.74752295
DI_1000000_100_zipf-zipf4,10,32.58426966,95.98970223
DI_1000000_100_zipf-zipf4,20,16.85393258,93.23154188
DI_1000000_100_zipf-zipf5,5,47.12643678,99.26047869
DI_1000000_100_zipf-zipf5,10,36.7816092,98.89354224
DI_1000000_100_zipf-zipf5,20,22.98850575,92.29363625
DI_1000000_100_zipf-zipf6,5,65.06024096,99.44070289
DI_1000000_100_zipf-zipf6,10,30.12048193,97.95398178
DI_1000000_100_zipf-zipf6,20,27.71084337,96.78475983
DI_1000000_100_zipf-zipf7,5,47.19101124,99.06948934
DI_1000000_100_zipf-zipf7,10,29.21348315,97.86898448
DI_1000000_100_zipf-zipf7,20,15.73033708,94.38630052
DI_1000000_100_zipf-zipf8,5,54.34782609,97.13493151
DI_1000000_100_zipf-zipf8,10,35.86956522,94.28779485
DI_1000000_100_zipf-zipf8,20,25,90.94883679
DI_1000000_100_zipf-zipf9,5,47.19101124,98.64519888
DI_1000000_100_zipf-zipf9,10,42.69662921,98.51697476
DI_1000000_100_zipf-zipf9,20,29.21348315,97.93291252
DI_1000000_200_zipf-zipf0,5,11.17318436,90.42945537
DI_1000000_200_zipf-zipf0,10,14.52513966,90.47541067
DI_1000000_200_zipf-zipf0,20,10.61452514,90.15283322
DI_1000000_200_zipf-zipf1,5,28.02197802,98.08114394
DI_1000000_200_zipf-zipf1,10,26.92307692,98.42701693
DI_1000000_200_zipf-zipf1,20,15.38461538,97.06571136
DI_1000000_200_zipf-zipf2,5,29.50819672,98.9958134
DI_1000000_200_zipf-zipf2,10,21.8579235,97.88206735
DI_1000000_200_zipf-zipf2,20,13.1147541,95.29921131
DI_1000000_50_zipf-zipf0,5,70.45454545,99.39937955
DI_1000000_50_zipf-zipf0,10,59.09090909,98.57239865
DI_1000000_50_zipf-zipf0,20,38.63636364,96.83372346
DI_1000000_50_zipf-zipf1,5,76.74418605,99.48641714
DI_1000000_50_zipf-zipf1,10,60.46511628,98.82289716
DI_1000000_50_zipf-zipf1,20,32.55813953,97.15441201
DI_1000000_50_zipf-zipf2,5,71.11111111,99.22709837
DI_1000000_50_zipf-zipf2,10,66.66666667,99.05282199
DI_1000000_50_zipf-zipf2,20,40,96.25705996
DI_1000000_50_zipf-zipf3,5,79.54545455,99.47999069
DI_1000000_50_zipf-zipf3,10,54.54545455,98.35324058
DI_1000000_50_zipf-zipf3,20,52.27272727,97.21509341
DI_1000000_50_zipf-zipf4,5,70.21276596,99.36131844
DI_1000000_50_zipf-zipf4,10,65.95744681,99.2411874
DI_1000000_50_zipf-zipf4,20,46.80851064,94.9618586
DI_1000000_50_zipf-zipf5,5,86.66666667,99.75560991
DI_1000000_50_zipf-zipf5,10,55.55555556,98.56081792
DI_1000000_50_zipf-zipf5,20,28.88888889,91.49143113
DI_1000000_50_zipf-zipf6,5,79.54545455,99.71375319
DI_1000000_50_zipf-zipf6,10,45.45454545,97.93358163
DI_1000000_50_zipf-zipf6,20,45.45454545,97.23776891
DI_1000000_50_zipf-zipf7,5,90.69767442,99.48178006
DI_1000000_50_zipf-zipf7,10,67.44186047,98.83869129
DI_1000000_50_zipf-zipf7,20,46.51162791,98.28374791
DI_1000000_50_zipf-zipf8,5,86.95652174,99.7806409
DI_1000000_50_zipf-zipf8,10,56.52173913,98.50347254
DI_1000000_50_zipf-zipf8,20,32.60869565,96.40438382
DI_1000000_50_zipf-zipf9,5,84.44444444,99.69145458
DI_1000000_50_zipf-zipf9,10,57.77777778,98.78318628
DI_1000000_50_zipf-zipf9,20,33.33333333,94.26787171
DI_1000000_200_zipf-zipf3,5,33.88888889,99.18096379
DI_1000000_200_zipf-zipf3,10,23.33333333,98.1175942
DI_1000000_200_zipf-zipf3,20,15,94.72961482
DI_1000000_200_zipf-zipf4,5,24,97.50360281
DI_1000000_200_zipf-zipf4,10,17.71428571,96.6331383
DI_1000000_200_zipf-zipf4,20,16,95.7866219
DI_1000000_200_zipf-zipf5,5,35.59322034,99.28268791
DI_1000000_200_zipf-zipf5,10,22.59887006,98.20765822
DI_1000000_200_zipf-zipf5,20,11.86440678,94.9835492
DI_1000000_200_zipf-zipf6,5,29.14285714,98.86609172
DI_1000000_200_zipf-zipf6,10,20.57142857,98.02246926
DI_1000000_200_zipf-zipf6,20,13.14285714,95.72344563
DI_1000000_200_zipf-zipf7,5,36.87150838,99.13653051
DI_1000000_200_zipf-zipf7,10,21.22905028,97.2460623
DI_1000000_200_zipf-zipf7,20,13.96648045,94.51374679
DI_1000000_200_zipf-zipf8,5,34.09090909,98.98965343
DI_1000000_200_zipf-zipf8,10,18.75,97.31927441
DI_1000000_200_zipf-zipf8,20,14.20454545,95.97147207
DI_1000000_200_zipf-zipf9,5,24.02234637,98.51744101
DI_1000000_200_zipf-zipf9,10,19.55307263,97.9132235
DI_1000000_200_zipf-zipf9,20,13.40782123,96.5287408
DI_1000000_500_zipf-zipf0,5,16.32183908,98.62012584
DI_1000000_500_zipf-zipf0,10,10.11494253,98.23888776
DI_1000000_500_zipf-zipf0,20,3.448275862,93.87545187
DI_1000000_500_zipf-zipf1,5,17.75280899,99.04673946
DI_1000000_500_zipf-zipf1,10,11.01123596,97.12574907
DI_1000000_500_zipf-zipf1,20,7.415730337,97.94361048
DI_1000000_500_zipf-zipf2,5,15.15837104,98.68519445
DI_1000000_500_zipf-zipf2,10,9.728506787,97.8698426
DI_1000000_500_zipf-zipf2,20,7.466063348,95.10294574
DI_1000000_500_zipf-zipf3,5,18.12080537,99.271036
DI_1000000_500_zipf-zipf3,10,11.40939597,97.51920228
DI_1000000_500_zipf-zipf3,20,7.158836689,97.22502446
DI_1000000_500_zipf-zipf4,5,13.22869955,98.54625689
DI_1000000_500_zipf-zipf4,10,11.21076233,97.89889679
DI_1000000_500_zipf-zipf4,20,5.381165919,95.47511212
DI_1000000_500_zipf-zipf5,5,11.93693694,98.72120743
DI_1000000_500_zipf-zipf5,10,10.13513514,97.21364208
DI_1000000_500_zipf-zipf5,20,6.531531532,85.49982341
DI_1000000_500_zipf-zipf6,5,13.57466063,98.92577514
DI_1000000_500_zipf-zipf6,10,10.85972851,98.26409931
DI_1000000_500_zipf-zipf6,20,6.787330317,94.69780688
DI_1000000_500_zipf-zipf7,5,15.8013544,98.82710921
DI_1000000_500_zipf-zipf7,10,9.93227991,97.43353755
DI_1000000_500_zipf-zipf7,20,5.869074492,93.7875498
DI_1000000_500_zipf-zipf8,5,16.01830664,99.16486937
DI_1000000_500_zipf-zipf8,10,9.610983982,97.42274124
DI_1000000_500_zipf-zipf8,20,8.23798627,92.37221976
DI_1000000_500_zipf-zipf9,5,17.03056769,98.38122591
DI_1000000_500_zipf-zipf9,10,11.13537118,98.14611179
DI_1000000_500_zipf-zipf9,20,6.986899563,96.01527851
DI_1000000_10_lin-slin0,5,100,100
DI_1000000_10_lin-slin0,10,100,100
DI_1000000_10_lin-slin0,20,75,45.99075703
DI_1000000_10_lin-slin1,5,100,100
DI_1000000_10_lin-slin1,10,100,100
DI_1000000_10_lin-slin1,20,100,100
DI_1000000_10_lin-slin2,5,100,100
DI_1000000_10_lin-slin2,10,100,100
DI_1000000_10_lin-slin2,20,75,57.52470594
DI_1000000_10_lin-slin3,5,100,100
DI_1000000_10_lin-slin3,10,100,100
DI_1000000_10_lin-slin3,20,100,100
DI_1000000_10_lin-slin4,5,100,100
DI_1000000_10_lin-slin4,10,100,100
DI_1000000_10_lin-slin4,20,62.5,58.22038516
DI_1000000_10_lin-slin5,5,100,100
DI_1000000_10_lin-slin5,10,100,100
DI_1000000_10_lin-slin5,20,100,100
DI_1000000_10_lin-slin6,5,100,100
DI_1000000_10_lin-slin6,10,100,100
DI_1000000_10_lin-slin6,20,100,100
DI_1000000_10_lin-slin7,5,100,100
DI_1000000_10_lin-slin7,10,100,100
DI_1000000_10_lin-slin7,20,75,80.76596938
DI_1000000_10_lin-slin8,5,100,100
DI_1000000_10_lin-slin8,10,100,100
DI_1000000_10_lin-slin8,20,100,100
DI_1000000_100_lin-slin0,5,34.44444444,25.56717755
DI_1000000_100_lin-slin0,10,15.55555556,10.6387712
DI_1000000_100_lin-slin0,20,16.66666667,14.52276282
DI_1000000_100_lin-slin1,5,40.90909091,40.32604105
DI_1000000_100_lin-slin1,10,18.18181818,11.25276323
DI_1000000_100_lin-slin1,20,15.90909091,15.25418191
DI_1000000_100_lin-slin2,5,46.15384615,37.46638723
DI_1000000_100_lin-slin2,10,30.76923077,13.36555479
DI_1000000_100_lin-slin2,20,17.58241758,4.398822919
DI_1000000_100_lin-slin3,5,43.95604396,30.81157915
DI_1000000_100_lin-slin3,10,18.68131868,9.449608487
DI_1000000_100_lin-slin3,20,16.48351648,7.062137666
DI_1000000_100_lin-slin4,5,53.48837209,37.05722955
DI_1000000_100_lin-slin4,10,30.23255814,18.69611732
DI_1000000_100_lin-slin4,20,19.76744186,6.563839467
DI_1000000_100_lin-slin5,5,35.71428571,31.9785782
DI_1000000_100_lin-slin5,10,33.33333333,19.2025857
DI_1000000_100_lin-slin5,20,13.0952381,9.752993051
DI_1000000_100_lin-slin6,5,44.31818182,22.64349041
DI_1000000_100_lin-slin6,10,32.95454545,20.34153273
DI_1000000_100_lin-slin6,20,20.45454545,8.402654243
DI_1000000_100_lin-slin7,5,43.82022472,31.19046594
DI_1000000_100_lin-slin7,10,28.08988764,10.39713546
DI_1000000_100_lin-slin7,20,14.60674157,3.194859364
DI_1000000_100_lin-slin8,5,34.40860215,32.09708985
DI_1000000_100_lin-slin8,10,9.677419355,6.011591771
DI_1000000_100_lin-slin8,20,17.20430108,9.103955486
DI_1000000_100_lin-slin9,5,47.77777778,27.98425448
DI_1000000_100_lin-slin9,10,33.33333333,12.62629348
DI_1000000_100_lin-slin9,20,15.55555556,6.878581561
DI_1000000_200_lin-slin0,5,20.57142857,16.58332936
DI_1000000_200_lin-slin0,10,13.14285714,7.832761158
DI_1000000_200_lin-slin0,20,8,4.0019176
DI_1000000_200_lin-slin1,5,12.5,17.92250466
DI_1000000_200_lin-slin1,10,10.22727273,9.984861716
DI_1000000_200_lin-slin1,20,3.409090909,0.6159189518
DI_1000000_200_lin-slin2,5,14.12429379,7.78178179
DI_1000000_200_lin-slin2,10,7.90960452,4.817950884
DI_1000000_200_lin-slin2,20,5.084745763,2.450544651
DI_1000000_200_lin-slin3,5,12.64367816,9.069695523
DI_1000000_200_lin-slin3,10,9.195402299,7.652953717
DI_1000000_200_lin-slin3,20,8.620689655,5.26954062
DI_1000000_200_lin-slin4,5,26.55367232,12.6037071
DI_1000000_200_lin-slin4,10,16.94915254,9.901908875
DI_1000000_200_lin-slin4,20,8.474576271,3.119864167
DI_1000000_200_lin-slin5,5,11.66666667,11.01632876
DI_1000000_200_lin-slin5,10,11.66666667,10.54262732
DI_1000000_200_lin-slin5,20,5,2.336463711
DI_1000000_200_lin-slin6,5,17.93478261,17.1394515
DI_1000000_200_lin-slin6,10,14.67391304,9.157659792
DI_1000000_200_lin-slin6,20,5.97826087,2.855315144
DI_1000000_200_lin-slin7,5,18.75,15.52504854
DI_1000000_200_lin-slin7,10,10.79545455,6.930773108
DI_1000000_200_lin-slin7,20,5.113636364,6.824006098
DI_1000000_200_lin-slin8,5,18.18181818,19.36129532
DI_1000000_200_lin-slin8,10,10.79545455,8.392675161
DI_1000000_200_lin-slin8,20,2.272727273,2.613939912
DI_1000000_200_lin-slin9,5,18.3908046,14.67915401
DI_1000000_200_lin-slin9,10,7.471264368,6.21550062
DI_1000000_200_lin-slin9,20,8.620689655,8.430039626
DI_1000000_50_lin-slin0,5,64.44444444,54.97076109
DI_1000000_50_lin-slin0,10,51.11111111,34.74660526
DI_1000000_50_lin-slin0,20,26.66666667,25.59314409
DI_1000000_50_lin-slin1,5,68.88888889,58.8629959
DI_1000000_50_lin-slin1,10,51.11111111,38.32295316
DI_1000000_50_lin-slin1,20,17.77777778,4.256271165
DI_1000000_50_lin-slin2,5,84.7826087,73.56289104
DI_1000000_50_lin-slin2,10,50,37.89462695
DI_1000000_50_lin-slin2,20,28.26086957,14.98900069
DI_1000000_50_lin-slin3,5,69.76744186,67.66068773
DI_1000000_50_lin-slin3,10,55.81395349,48.97342651
DI_1000000_50_lin-slin3,20,34.88372093,24.50444248
DI_1000000_50_lin-slin4,5,51.1627907,52.98445158
DI_1000000_50_lin-slin4,10,39.53488372,43.24649796
DI_1000000_50_lin-slin4,20,9.302325581,5.68088331
DI_1000000_50_lin-slin5,5,91.11111111,83.71808551
DI_1000000_50_lin-slin5,10,57.77777778,43.46536344
DI_1000000_50_lin-slin5,20,13.33333333,7.439551538
DI_1000000_50_lin-slin6,5,52.27272727,59.61159128
DI_1000000_50_lin-slin6,10,31.81818182,26.22583051
DI_1000000_50_lin-slin6,20,15.90909091,14.20032174
DI_1000000_50_lin-slin7,5,69.56521739,51.39169805
DI_1000000_50_lin-slin7,10,54.34782609,31.4271915
DI_1000000_50_lin-slin7,20,39.13043478,31.08568555
DI_1000000_50_lin-slin8,5,47.82608696,54.3318871
DI_1000000_50_lin-slin8,10,34.7826087,30.91592696
DI_1000000_50_lin-slin8,20,30.43478261,24.73106543
DI_1000000_50_lin-slin9,5,80,72.70524735
DI_1000000_50_lin-slin9,10,42.22222222,34.87203306
DI_1000000_50_lin-slin9,20,35.55555556,18.37268941
DI_1000000_500_lin-slin0,5,5.977011494,5.310399381
DI_1000000_500_lin-slin0,10,4.367816092,4.023514615
DI_1000000_500_lin-slin0,20,2.528735632,2.392260061
DI_1000000_500_lin-slin1,5,4,5.544521675
DI_1000000_500_lin-slin1,10,4,4.382647396
DI_1000000_500_lin-slin1,20,1.111111111,0.4584780645
DI_1000000_500_lin-slin2,5,6.546275395,6.183189547
DI_1000000_500_lin-slin2,10,3.611738149,3.427032894
DI_1000000_500_lin-slin2,20,1.58013544,0.8344414462
DI_1000000_500_lin-slin3,5,7.640449438,8.053552211
DI_1000000_500_lin-slin3,10,1.797752809,1.752015697
DI_1000000_500_lin-slin3,20,1.123595506,2.065822379
DI_1000000_500_lin-slin4,5,6.094808126,5.718478045
DI_1000000_500_lin-slin4,10,3.386004515,2.82046806
DI_1000000_500_lin-slin4,20,2.708803612,2.635139274
DI_1000000_500_lin-slin5,5,7.349665924,7.535049452
DI_1000000_500_lin-slin5,10,2.672605791,1.634970675
DI_1000000_500_lin-slin5,20,3.118040089,3.102035571
DI_1000000_500_lin-slin6,5,4.751131222,3.828659886
DI_1000000_500_lin-slin6,10,2.488687783,2.381384993
DI_1000000_500_lin-slin6,20,2.714932127,2.476631285
DI_1000000_500_lin-slin7,5,5.681818182,5.541599667
DI_1000000_500_lin-slin7,10,1.590909091,0.9339962263
DI_1000000_500_lin-slin7,20,0.2272727273,0.1589541718
DI_1000000_500_lin-slin8,5,5.89569161,5.191146491
DI_1000000_500_lin-slin8,10,3.401360544,2.322416264
DI_1000000_500_lin-slin8,20,1.360544218,0.8481405818
DI_1000000_500_lin-slin9,5,5.381165919,3.705308905
DI_1000000_500_lin-slin9,10,3.811659193,2.570315622
DI_1000000_500_lin-slin9,20,1.34529148,1.404018285
DI_1000000_10_lin-zipf0,5,100,100
DI_1000000_10_lin-zipf0,10,77.77777778,77.71787881
DI_1000000_10_lin-zipf0,20,77.77777778,77.68407104
DI_1000000_10_lin-zipf1,5,100,100
DI_1000000_10_lin-zipf1,10,100,100
DI_1000000_10_lin-zipf1,20,100,100
DI_1000000_10_lin-zipf2,5,100,100
DI_1000000_10_lin-zipf2,10,100,100
DI_1000000_10_lin-zipf2,20,100,100
DI_1000000_10_lin-zipf3,5,100,100
DI_1000000_10_lin-zipf3,10,75,75.05230221
DI_1000000_10_lin-zipf3,20,100,100
DI_1000000_10_lin-zipf4,5,100,100
DI_1000000_10_lin-zipf4,10,100,100
DI_1000000_10_lin-zipf4,20,100,100
DI_1000000_10_lin-zipf5,5,100,100
DI_1000000_10_lin-zipf5,10,100,100
DI_1000000_10_lin-zipf5,20,75,74.99554188
DI_1000000_10_lin-zipf6,5,100,100
DI_1000000_10_lin-zipf6,10,100,100
DI_1000000_10_lin-zipf6,20,77.77777778,74.97197328
DI_1000000_10_lin-zipf7,5,100,100
DI_1000000_10_lin-zipf7,10,100,100
DI_1000000_10_lin-zipf7,20,100,100
DI_1000000_10_lin-zipf8,5,100,100
DI_1000000_10_lin-zipf8,10,100,100
DI_1000000_10_lin-zipf8,20,75,75.04737731
DI_1000000_10_lin-zipf9,5,100,100
DI_1000000_10_lin-zipf9,10,100,100
DI_1000000_10_lin-zipf9,20,75,75.09066524
DI_1000000_50_lin-zipf0,5,80.43478261,79.88983449
DI_1000000_50_lin-zipf0,10,60.86956522,57.38350828
DI_1000000_50_lin-zipf0,20,39.13043478,30.0684131
DI_1000000_50_lin-zipf1,5,86.36363636,87.73947979
DI_1000000_50_lin-zipf1,10,45.45454545,43.93520952
DI_1000000_50_lin-zipf1,20,36.36363636,34.12915081
DI_1000000_50_lin-zipf2,5,75,77.56296469
DI_1000000_50_lin-zipf2,10,54.54545455,59.95380241
DI_1000000_50_lin-zipf2,20,31.81818182,30.10802686
DI_1000000_50_lin-zipf3,5,74.46808511,76.75556186
DI_1000000_50_lin-zipf3,10,48.93617021,46.52940329
DI_1000000_50_lin-zipf3,20,44.68085106,44.39160174
DI_1000000_50_lin-zipf4,5,81.81818182,80.95536908
DI_1000000_50_lin-zipf4,10,52.27272727,50.00327877
DI_1000000_50_lin-zipf4,20,36.36363636,33.31708531
DI_1000000_50_lin-zipf5,5,82.60869565,80.51277755
DI_1000000_50_lin-zipf5,10,63.04347826,58.52574566
DI_1000000_50_lin-zipf5,20,39.13043478,31.76154933
DI_1000000_50_lin-zipf6,5,31.81818182,29.21126154
DI_1000000_50_lin-zipf6,10,29.54545455,29.26891279
DI_1000000_50_lin-zipf6,20,22.72727273,19.61855285
DI_1000000_50_lin-zipf7,5,38.0952381,39.87418558
DI_1000000_50_lin-zipf7,10,26.19047619,27.29964639
DI_1000000_50_lin-zipf7,20,14.28571429,14.9399591
DI_1000000_50_lin-zipf8,5,82.60869565,80.54138959
DI_1000000_50_lin-zipf8,10,65.2173913,61.09337933
DI_1000000_50_lin-zipf8,20,45.65217391,38.99185176
DI_1000000_50_lin-zipf9,5,76.74418605,77.99936209
DI_1000000_50_lin-zipf9,10,44.18604651,43.91476919
DI_1000000_50_lin-zipf9,20,20.93023256,19.57979735
DI_1000000_100_lin-zipf0,5,35.95505618,34.72417152
DI_1000000_100_lin-zipf0,10,23.59550562,21.10851691
DI_1000000_100_lin-zipf0,20,15.73033708,13.80259058
DI_1000000_100_lin-zipf1,5,57.30337079,55.84031558
DI_1000000_100_lin-zipf1,10,40.4494382,37.21270738
DI_1000000_100_lin-zipf1,20,23.59550562,19.80933987
DI_1000000_100_lin-zipf2,5,44.31818182,43.91173267
DI_1000000_100_lin-zipf2,10,40.90909091,39.15153098
DI_1000000_100_lin-zipf2,20,27.27272727,24.45949796
DI_1000000_100_lin-zipf3,5,45.55555556,47.02587167
DI_1000000_100_lin-zipf3,10,28.88888889,29.78298025
DI_1000000_100_lin-zipf3,20,17.77777778,13.73893644
DI_1000000_100_lin-zipf4,5,43.52941176,42.13810614
DI_1000000_100_lin-zipf4,10,37.64705882,35.86058963
DI_1000000_100_lin-zipf4,20,15.29411765,13.50005242
DI_1000000_100_lin-zipf5,5,25.84269663,25.08942418
DI_1000000_100_lin-zipf5,10,23.59550562,23.71792185
DI_1000000_100_lin-zipf5,20,21.34831461,19.90070295
DI_1000000_100_lin-zipf6,5,42.22222222,45.7872746
DI_1000000_100_lin-zipf6,10,28.88888889,29.74018216
DI_1000000_100_lin-zipf6,20,24.44444444,24.7071745
DI_1000000_100_lin-zipf7,5,51.72413793,52.48572971
DI_1000000_100_lin-zipf7,10,26.43678161,23.81576338
DI_1000000_100_lin-zipf7,20,21.83908046,21.43141909
DI_1000000_100_lin-zipf8,5,59.34065934,62.29588514
DI_1000000_100_lin-zipf8,10,28.57142857,26.97606118
DI_1000000_100_lin-zipf8,20,19.78021978,18.49233509
DI_1000000_100_lin-zipf9,5,50.56179775,56.18958478
DI_1000000_100_lin-zipf9,10,29.21348315,32.785041
DI_1000000_100_lin-zipf9,20,29.21348315,26.33534609
DI_1000000_200_lin-zipf0,5,30.38674033,30.70742987
DI_1000000_200_lin-zipf0,10,19.88950276,18.73861524
DI_1000000_200_lin-zipf0,20,12.70718232,12.51841732
DI_1000000_200_lin-zipf1,5,26.40449438,26.08320327
DI_1000000_200_lin-zipf1,10,17.97752809,18.07341766
DI_1000000_200_lin-zipf1,20,15.73033708,15.42073689
DI_1000000_200_lin-zipf2,5,25.14285714,24.28391351
DI_1000000_200_lin-zipf2,10,13.71428571,12.03158315
DI_1000000_200_lin-zipf2,20,10.85714286,9.678859156
DI_1000000_200_lin-zipf3,5,32.94797688,34.93494622
DI_1000000_200_lin-zipf3,10,17.34104046,17.84613815
DI_1000000_200_lin-zipf3,20,8.092485549,8.72722454
DI_1000000_200_lin-zipf4,5,16,14.46404865
DI_1000000_200_lin-zipf4,10,6.857142857,5.64649462
DI_1000000_200_lin-zipf4,20,6.857142857,6.223831636
DI_1000000_200_lin-zipf5,5,32.58426966,32.1941684
DI_1000000_200_lin-zipf5,10,19.66292135,17.61001501
DI_1000000_200_lin-zipf5,20,11.79775281,10.94549751
DI_1000000_200_lin-zipf6,5,29.28176796,31.70165811
DI_1000000_200_lin-zipf6,10,23.75690608,25.54494514
DI_1000000_200_lin-zipf6,20,10.49723757,10.04541561
DI_1000000_200_lin-zipf7,5,18.99441341,19.8387591
DI_1000000_200_lin-zipf7,10,21.7877095,20.51536506
DI_1000000_200_lin-zipf7,20,10.05586592,10.49579769
DI_1000000_200_lin-zipf8,5,30.8988764,31.17732633
DI_1000000_200_lin-zipf8,10,20.2247191,20.17327675
DI_1000000_200_lin-zipf8,20,11.79775281,10.44632352
DI_1000000_200_lin-zipf9,5,23.46368715,22.39379548
DI_1000000_200_lin-zipf9,10,22.90502793,23.00813248
DI_1000000_200_lin-zipf9,20,13.40782123,11.25426447
DI_1000000_500_lin-zipf0,5,8.948545861,9.154956377
DI_1000000_500_lin-zipf0,10,7.158836689,7.3103025
DI_1000000_500_lin-zipf0,20,5.592841163,5.229756956
DI_1000000_500_lin-zipf1,5,8.908685969,9.405514294
DI_1000000_500_lin-zipf1,10,7.126948775,7.421919586
DI_1000000_500_lin-zipf1,20,2.227171492,2.376269784
DI_1000000_500_lin-zipf2,5,4.805491991,4.790264626
DI_1000000_500_lin-zipf2,10,4.805491991,4.518593006
DI_1000000_500_lin-zipf2,20,3.661327231,3.598965221
DI_1000000_500_lin-zipf3,5,10.04464286,10.58778349
DI_1000000_500_lin-zipf3,10,8.258928571,8.872909733
DI_1000000_500_lin-zipf3,20,3.125,3.263943649
DI_1000000_500_lin-zipf4,5,14.25389755,15.38614099
DI_1000000_500_lin-zipf4,10,6.904231626,7.022706634
DI_1000000_500_lin-zipf4,20,4.454342984,4.068997175
DI_1000000_500_lin-zipf5,5,14.73922902,14.42014447
DI_1000000_500_lin-zipf5,10,9.523809524,8.977989146
DI_1000000_500_lin-zipf5,20,7.256235828,6.194485224
DI_1000000_500_lin-zipf6,5,10.60948081,10.71441922
DI_1000000_500_lin-zipf6,10,7.674943567,7.764357016
DI_1000000_500_lin-zipf6,20,5.643340858,5.067272852
DI_1000000_500_lin-zipf7,5,12.33183857,12.98763983
DI_1000000_500_lin-zipf7,10,8.295964126,8.496051587
DI_1000000_500_lin-zipf7,20,3.139013453,3.637542333
DI_1000000_500_lin-zipf8,5,9.213483146,9.935826839
DI_1000000_500_lin-zipf8,10,4.494382022,4.665404543
DI_1000000_500_lin-zipf8,20,3.595505618,3.674656201
DI_1000000_500_lin-zipf9,5,11.91011236,12.80405169
DI_1000000_500_lin-zipf9,10,7.415730337,7.596406634
DI_1000000_500_lin-zipf9,20,5.168539326,5.707337419
DI_1000000_10_zipf-randzipf0,5,100,100
DI_1000000_10_zipf-randzipf0,10,100,100
DI_1000000_10_zipf-randzipf0,20,75,89.3112866
DI_1000000_10_zipf-randzipf3,5,100,100
DI_1000000_10_zipf-randzipf3,10,100,100
DI_1000000_10_zipf-randzipf3,20,100,100
DI_1000000_10_zipf-randzipf4,5,100,100
DI_1000000_10_zipf-randzipf4,10,100,100
DI_1000000_10_zipf-randzipf4,20,100,100
DI_1000000_10_zipf-randzipf5,5,100,100
DI_1000000_10_zipf-randzipf5,10,100,100
DI_1000000_10_zipf-randzipf5,20,100,100
DI_1000000_10_zipf-randzipf6,5,100,100
DI_1000000_10_zipf-randzipf6,10,100,100
DI_1000000_10_zipf-randzipf6,20,100,100
DI_1000000_10_zipf-randzipf7,5,100,100
DI_1000000_10_zipf-randzipf7,10,100,100
DI_1000000_10_zipf-randzipf7,20,100,100
DI_1000000_10_zipf-randzipf8,5,100,100
DI_1000000_10_zipf-randzipf8,10,100,100
DI_1000000_10_zipf-randzipf8,20,100,100
DI_1000000_10_zipf-randzipf9,5,100,100
DI_1000000_10_zipf-randzipf9,10,100,100
DI_1000000_10_zipf-randzipf9,20,77.77777778,91.86572736
DI_1000000_100_zipf-randzipf0,5,80.43478261,97.60079757
DI_1000000_100_zipf-randzipf0,10,73.91304348,95.85975299
DI_1000000_100_zipf-randzipf0,20,51.08695652,87.34311795
DI_1000000_100_zipf-randzipf1,5,90.2173913,99.1714231
DI_1000000_100_zipf-randzipf1,10,86.95652174,96.46563116
DI_1000000_100_zipf-randzipf1,20,58.69565217,90.75116798
DI_1000000_100_zipf-randzipf2,5,93.02325581,99.80228734
DI_1000000_100_zipf-randzipf2,10,80.23255814,97.94294913
DI_1000000_100_zipf-randzipf2,20,60.46511628,91.50929791
DI_1000000_100_zipf-randzipf3,5,97.8021978,99.9998705
DI_1000000_100_zipf-randzipf3,10,90.10989011,98.52342626
DI_1000000_100_zipf-randzipf3,20,62.63736264,92.34357479
DI_1000000_100_zipf-randzipf4,5,81.81818182,98.11751737
DI_1000000_100_zipf-randzipf4,10,64.77272727,94.14985276
DI_1000000_100_zipf-randzipf4,20,55.68181818,91.6152177
DI_1000000_100_zipf-randzipf5,5,93.25842697,99.99951215
DI_1000000_100_zipf-randzipf5,10,83.14606742,96.77285599
DI_1000000_100_zipf-randzipf5,20,58.42696629,89.77430491
DI_1000000_100_zipf-randzipf6,5,97.72727273,99.99986863
DI_1000000_100_zipf-randzipf6,10,90.90909091,98.09429561
DI_1000000_100_zipf-randzipf6,20,48.86363636,88.20106447
DI_1000000_100_zipf-randzipf7,5,93.18181818,99.2599753
DI_1000000_100_zipf-randzipf7,10,79.54545455,97.51766237
DI_1000000_100_zipf-randzipf7,20,68.18181818,95.45982187
DI_1000000_100_zipf-randzipf8,5,86.51685393,99.45624481
DI_1000000_100_zipf-randzipf8,10,79.7752809,98.16434439
DI_1000000_100_zipf-randzipf8,20,57.30337079,92.28926666
DI_1000000_100_zipf-randzipf9,5,91.20879121,99.74310945
DI_1000000_100_zipf-randzipf9,10,78.02197802,96.42523974
DI_1000000_100_zipf-randzipf9,20,53.84615385,88.20521781
DI_1000000_200_zipf-randzipf0,5,36.36363636,83.73603443
DI_1000000_200_zipf-randzipf0,10,41.47727273,84.70539377
DI_1000000_200_zipf-randzipf0,20,26.70454545,80.7426216
DI_1000000_200_zipf-randzipf1,5,60.22099448,96.75684183
DI_1000000_200_zipf-randzipf1,10,54.6961326,95.15826667
DI_1000000_200_zipf-randzipf1,20,45.3038674,91.83731107
DI_1000000_200_zipf-randzipf2,5,77.71428571,98.09213633
DI_1000000_200_zipf-randzipf2,10,57.14285714,95.36464134
DI_1000000_200_zipf-randzipf2,20,33.14285714,71.68313035
DI_1000000_200_zipf-randzipf3,5,77.4566474,97.80797449
DI_1000000_200_zipf-randzipf3,10,63.58381503,96.59950886
DI_1000000_200_zipf-randzipf3,20,37.57225434,75.11528462
DI_1000000_200_zipf-randzipf4,5,82.5136612,98.69195267
DI_1000000_200_zipf-randzipf4,10,61.20218579,96.22738115
DI_1000000_200_zipf-randzipf4,20,37.70491803,89.69524796
DI_1000000_200_zipf-randzipf5,5,69.27374302,97.5161811
DI_1000000_200_zipf-randzipf5,10,61.45251397,97.05475122
DI_1000000_200_zipf-randzipf5,20,37.4301676,91.8683269
DI_1000000_200_zipf-randzipf6,5,66.47727273,97.65395271
DI_1000000_200_zipf-randzipf6,10,52.27272727,94.34486901
DI_1000000_200_zipf-randzipf6,20,35.22727273,89.05465327
DI_1000000_200_zipf-randzipf7,5,84.44444444,99.3197676
DI_1000000_200_zipf-randzipf7,10,65,95.11382708
DI_1000000_200_zipf-randzipf7,20,37.22222222,86.29932781
DI_1000000_200_zipf-randzipf8,5,85.87570621,98.55711603
DI_1000000_200_zipf-randzipf8,10,69.49152542,96.8808521
DI_1000000_200_zipf-randzipf8,20,40.11299435,89.10780888
DI_1000000_200_zipf-randzipf9,5,80.54054054,98.78450573
DI_1000000_200_zipf-randzipf9,10,58.91891892,92.86231222
DI_1000000_200_zipf-randzipf9,20,27.56756757,78.11580634
DI_1000000_50_zipf-randzipf0,5,100,100
DI_1000000_50_zipf-randzipf0,10,93.33333333,98.93485469
DI_1000000_50_zipf-randzipf0,20,88.88888889,98.03560178
DI_1000000_50_zipf-randzipf1,5,97.77777778,99.99984145
DI_1000000_50_zipf-randzipf1,10,88.88888889,98.05659632
DI_1000000_50_zipf-randzipf1,20,77.77777778,93.98108371
DI_1000000_50_zipf-randzipf2,5,52.27272727,78.53634582
DI_1000000_50_zipf-randzipf2,10,45.45454545,74.67803526
DI_1000000_50_zipf-randzipf2,20,40.90909091,71.24840816
DI_1000000_50_zipf-randzipf3,5,95.65217391,99.99981566
DI_1000000_50_zipf-randzipf3,10,89.13043478,98.94992427
DI_1000000_50_zipf-randzipf3,20,69.56521739,93.47837866
DI_1000000_50_zipf-randzipf4,5,60,82.67891611
DI_1000000_50_zipf-randzipf4,10,68.88888889,85.6142616
DI_1000000_50_zipf-randzipf4,20,62.22222222,82.99172213
DI_1000000_50_zipf-randzipf5,5,57.14285714,80.54810132
DI_1000000_50_zipf-randzipf5,10,69.04761905,83.96412685
DI_1000000_50_zipf-randzipf5,20,57.14285714,80.85465361
DI_1000000_50_zipf-randzipf6,5,97.82608696,99.99990468
DI_1000000_50_zipf-randzipf6,10,93.47826087,99.22218073
DI_1000000_50_zipf-randzipf6,20,78.26086957,94.6742595
DI_1000000_50_zipf-randzipf7,5,97.91666667,99.99977698
DI_1000000_50_zipf-randzipf7,10,93.75,98.8650459
DI_1000000_50_zipf-randzipf7,20,79.16666667,94.4751926
DI_1000000_50_zipf-randzipf8,5,95.74468085,99.99976495
DI_1000000_50_zipf-randzipf8,10,95.74468085,99.99976495
DI_1000000_50_zipf-randzipf8,20,72.34042553,89.16180567
DI_1000000_50_zipf-randzipf9,5,100,100
DI_1000000_50_zipf-randzipf9,10,100,100
DI_1000000_50_zipf-randzipf9,20,83.33333333,95.54617433
DI_1000000_500_zipf-randzipf0,5,25.39325843,74.9075288
DI_1000000_500_zipf-randzipf0,10,25.61797753,75.05457466
DI_1000000_500_zipf-randzipf0,20,16.85393258,63.2262577
DI_1000000_500_zipf-randzipf1,5,46.30872483,97.21426621
DI_1000000_500_zipf-randzipf1,10,37.13646532,95.21137563
DI_1000000_500_zipf-randzipf1,20,18.12080537,88.39291398
DI_1000000_500_zipf-randzipf2,5,29.3986637,91.77338143
DI_1000000_500_zipf-randzipf2,10,28.0623608,89.70626398
DI_1000000_500_zipf-randzipf2,20,16.92650334,88.69889332
DI_1000000_500_zipf-randzipf3,5,34.25925926,92.0957348
DI_1000000_500_zipf-randzipf3,10,28.24074074,91.25161788
DI_1000000_500_zipf-randzipf3,20,17.59259259,87.47523048
DI_1000000_500_zipf-randzipf4,5,30.87557604,91.55905075
DI_1000000_500_zipf-randzipf4,10,26.49769585,89.16886008
DI_1000000_500_zipf-randzipf4,20,16.359447,86.25367618
DI_1000000_500_zipf-randzipf5,5,54.33789954,97.54626762
DI_1000000_500_zipf-randzipf5,10,36.52968037,94.38828726
DI_1000000_500_zipf-randzipf5,20,21.00456621,87.73976897
DI_1000000_500_zipf-randzipf6,5,55.98194131,97.53364968
DI_1000000_500_zipf-randzipf6,10,36.34311512,94.71370706
DI_1000000_500_zipf-randzipf6,20,26.41083521,91.91620812
DI_1000000_500_zipf-randzipf7,5,57.14285714,97.63441414
DI_1000000_500_zipf-randzipf7,10,37.5,94.17486599
DI_1000000_500_zipf-randzipf7,20,20.3125,87.83204414
DI_1000000_500_zipf-randzipf8,5,35.81081081,93.00145175
DI_1000000_500_zipf-randzipf8,10,30.18018018,92.2193325
DI_1000000_500_zipf-randzipf8,20,19.14414414,89.96060327
DI_1000000_500_zipf-randzipf9,5,56.98198198,97.88954934
DI_1000000_500_zipf-randzipf9,10,42.56756757,94.89120251
DI_1000000_500_zipf-randzipf9,20,21.62162162,88.56014295